event_id,distance_from_location,direction_from_location,time_hour,magnitude,year,month,day,cdi,mmi,alert,tsunami,sig,nst,dmin,gap,depth,location_id,magType_id,net_id
1,NULL,NULL,13,7.7,2021,2,10,9,4,green,1,918,0,7.989000,15,10.000000,1024,16,16
2,131,S,23,6.6,2019,8,27,0,4,green,1,670,0,12.896000,19,16.000000,1025,16,16
3,18,SW,2,7.0,2022,11,22,8,7,green,1,768,117,0.509000,17,14.000000,1026,16,16
4,269,WNW,11,6.7,2018,10,13,0,3,green,1,691,0,2.705000,17,461.000000,1027,16,16
5,NULL,NULL,23,6.9,2021,1,23,9,5,green,1,739,0,1.550000,16,15.000000,1028,16,16
6,211,SE,12,7.0,2021,1,21,7,5,green,1,802,0,2.821000,15,80.000000,1029,16,16
7,152,SW,12,6.9,2019,8,2,4,6,green,0,875,0,2.839000,23,49.000000,1030,16,16
8,96,SW,18,6.8,2019,8,1,6,6,green,1,947,0,0.817000,35,25.000000,1031,16,16
9,154,S,23,6.5,2018,10,10,0,4,green,1,650,0,3.923000,14,20.000000,1032,16,16
10,29,SSW,21,6.7,2021,1,11,8,8,green,0,776,0,2.043000,22,10.000000,1033,16,16
11,204,SW,13,6.9,2022,11,18,4,4,green,0,735,99,2.229000,34,25.000000,1034,16,16
12,119,E,20,7.0,2018,10,10,6,6,green,1,758,0,1.778000,18,39.000000,1035,16,16
13,146,WNW,21,6.7,2020,12,27,5,5,green,1,776,0,1.319000,19,10.000000,1036,16,16
14,62,E,15,6.6,2019,7,31,0,4,green,1,670,0,6.024000,30,181.000000,1037,16,16
15,205,ESE,10,7.3,2022,11,11,5,5,green,1,833,149,1.865000,21,37.000000,1038,16,16
16,13,NNE,11,7.0,2020,10,30,8,7,orange,0,1527,0,1.518000,18,21.000000,1039,16,16
17,93,NNE,9,7.2,2019,7,14,7,7,green,1,809,0,1.504000,38,18.980000,1040,16,16
18,99,SE,20,7.6,2020,10,19,9,7,yellow,1,1165,0,0.230000,36,28.370000,1041,16,16
19,279,E,10,6.7,2018,9,30,2,3,green,1,691,0,3.745000,23,550.000000,1042,16,16
20,200,W,5,6.6,2019,7,14,5,5,green,0,791,0,2.978000,32,10.000000,1043,16,16
21,134,WSW,15,6.9,2019,7,7,7,5,green,0,747,0,1.205000,21,35.000000,1044,16,16
22,72,N,10,7.5,2018,9,28,8,8,red,0,2026,0,1.649000,13,20.000000,1045,16,16
23,94,NW,21,6.5,2020,9,1,6,6,green,0,674,0,0.388000,49,16.000000,1046,16,16
24,NULL,NULL,9,7.0,2022,11,9,4,3,green,1,755,142,4.578000,26,660.000000,1047,17,16
25,18,W,3,7.1,2019,7,6,9,9,yellow,0,1646,77,0.046160,43,8.000000,1048,18,17
26,NULL,NULL,21,6.5,2018,9,16,4,1,green,0,651,0,5.139000,18,576.000000,1049,16,16
27,86,NW,4,6.8,2020,9,1,6,7,green,1,824,0,0.312000,69,21.000000,1050,16,16
28,292,NW,2,7.3,2019,6,24,4,6,green,1,952,0,2.629000,16,212.000000,1051,16,16
29,NULL,NULL,4,6.9,2018,9,10,3,4,green,0,735,0,2.785000,18,115.000000,1052,16,16
30,60,SSW,11,6.7,2022,10,20,7,6,green,1,797,145,1.151000,37,20.000000,1053,16,16
31,116,NE,22,7.3,2019,6,15,8,6,green,1,830,0,1.402000,11,46.000000,1054,16,16
32,66,NW,19,6.5,2018,9,9,3,6,green,1,651,0,1.638000,25,68.000000,1055,16,16
33,222,SSE,4,6.9,2020,8,21,4,3,green,0,749,0,2.267000,20,624.000000,1056,16,16
34,55,SSW,6,6.8,2022,9,22,8,7,yellow,1,1179,175,2.137000,92,20.000000,1057,16,16
35,45,S,15,7.9,2018,9,6,7,4,green,1,979,0,1.431000,12,670.810000,1058,16,16
36,122,WSW,22,6.9,2020,8,18,4,4,green,0,735,0,1.716000,25,26.000000,1059,16,16
37,35,SSW,18,7.6,2022,9,19,9,8,yellow,1,1799,271,1.153000,69,26.943000,1060,16,16
38,138,WSW,22,6.8,2020,8,18,5,4,green,0,716,0,1.816000,34,22.000000,1061,16,16
39,27,ESE,18,6.6,2018,9,5,8,9,orange,1,1075,0,1.130000,32,35.000000,1062,16,16
40,90,E,6,6.9,2022,9,18,9,9,yellow,1,887,215,0.401000,34,10.000000,1063,16,16
41,32,S,9,6.6,2019,5,30,7,6,yellow,1,886,0,1.193000,22,57.920000,1064,16,16
42,13,E,0,6.6,2020,8,18,9,8,yellow,1,784,0,5.128000,14,10.000000,1065,16,16
43,238,ESE,3,7.1,2018,8,29,2,5,green,1,776,0,2.548000,23,21.430000,1066,16,16
44,78,NE,7,8.0,2019,5,26,9,8,orange,1,1890,0,3.180000,17,122.570000,1067,16,16
45,99,SSE,6,7.8,2020,7,22,9,7,green,1,1111,0,0.621000,60,28.000000,1068,16,16
46,136,W,9,7.1,2018,8,24,0,3,green,0,776,0,3.770000,12,630.000000,1069,16,16
47,114,NNW,2,7.0,2020,7,17,6,7,green,1,820,0,1.671000,18,73.000000,1070,16,16
48,46,SSE,12,7.6,2019,5,14,7,7,green,1,929,0,0.453000,16,10.000000,1071,16,16
49,96,SE,13,6.5,2022,9,17,7,7,green,1,756,178,0.430000,54,10.000000,1072,16,16
50,78,E,22,6.5,2018,8,21,6,7,green,1,652,0,4.797000,10,9.000000,1073,16,16
51,40,ENE,21,7.3,2018,8,21,8,6,yellow,1,1570,0,1.822000,15,146.820000,1074,16,16
52,209,SSE,11,7.0,2022,9,14,7,5,green,1,761,192,2.977000,45,137.000000,1075,16,16
53,33,NW,21,7.1,2019,5,6,7,6,yellow,1,826,0,2.514000,16,146.000000,1076,16,16
54,20,NNW,14,6.9,2018,8,19,7,7,green,0,1206,0,2.453000,31,21.000000,1077,16,16
55,70,E,23,7.6,2022,9,10,8,8,yellow,1,965,272,3.158000,12,116.000000,1078,16,16
56,98,SSW,11,6.8,2019,4,12,5,6,green,1,717,0,0.791000,28,15.460000,1079,16,16
57,267,E,0,8.2,2018,8,19,5,4,green,1,1050,0,3.630000,13,600.000000,1080,16,16
58,44,SE,4,6.6,2022,9,5,9,8,orange,0,1043,141,8.454000,34,12.000000,1081,16,16
59,83,ENE,17,6.5,2019,4,9,0,5,green,1,650,0,7.568000,18,38.000000,1082,16,16
60,124,N,15,6.5,2018,8,17,5,3,green,0,743,0,2.719000,23,529.000000,1083,16,16
61,NULL,NULL,13,6.6,2022,8,14,7,6,green,1,672,68,5.293000,34,30.000000,1084,16,16
62,22,NNE,8,7.0,2019,3,1,7,4,green,1,869,0,2.501000,42,267.000000,1085,16,16
63,97,N,22,6.6,2020,7,6,4,2,green,0,684,0,1.458000,14,533.760000,1086,16,16
64,11,NE,0,7.0,2022,7,27,9,8,yellow,1,1351,152,5.276000,22,33.729000,1087,16,16
65,108,WSW,21,6.5,2018,8,15,6,6,green,1,655,0,0.576000,22,33.930000,1088,16,16
66,9,SE,15,7.4,2020,6,23,8,8,orange,1,1494,0,0.151000,30,20.000000,1089,16,16
67,107,SSW,0,6.5,2022,6,8,3,2,green,0,653,236,1.999000,31,622.730000,1090,16,16
68,36,NW,11,6.9,2018,8,5,9,8,orange,0,1704,0,2.271000,15,34.000000,1091,16,16
69,10,W,12,7.2,2022,5,26,7,5,green,1,876,144,2.494000,40,236.000000,1092,16,16
70,111,ESE,10,7.5,2019,2,22,7,7,yellow,1,1145,0,2.045000,15,145.000000,1093,16,16
71,NULL,NULL,12,7.4,2020,6,18,7,7,green,1,873,0,4.035000,23,10.000000,1094,16,16
72,18,SSW,22,6.9,2018,5,4,7,8,yellow,1,1392,63,0.110000,210,5.810000,1095,18,18
73,5,SW,16,6.7,2019,2,1,6,6,yellow,1,909,0,0.289000,43,66.000000,1096,16,16
74,86,NNW,23,6.8,2022,5,10,6,5,green,1,762,162,1.505000,30,220.000000,1097,16,16
75,38,SE,13,6.8,2018,4,2,5,3,green,0,733,0,5.320000,16,559.000000,1098,16,16
76,55,WSW,7,6.6,2022,4,21,6,5,green,1,762,0,0.914000,94,27.000000,1099,16,16
77,150,E,21,6.9,2018,3,29,9,6,green,1,741,0,1.487000,18,35.000000,1100,16,16
78,NULL,NULL,5,7.0,2022,3,31,6,4,green,1,763,0,2.705000,26,10.000000,1101,16,16
79,NULL,NULL,19,6.7,2019,1,22,0,3,green,0,691,0,7.527000,17,13.000000,1102,16,16
80,140,E,9,6.7,2018,3,26,5,6,green,1,696,0,1.507000,15,40.000000,1103,16,16
81,130,WNW,15,6.6,2020,6,13,5,4,green,1,734,0,2.015000,18,165.000000,1104,16,16
82,284,ESE,20,6.9,2022,3,30,6,4,green,1,738,0,2.697000,42,10.000000,1105,16,16
83,103,E,17,6.8,2018,3,8,6,6,green,1,719,0,1.049000,16,22.860000,1106,16,16
84,48,SW,7,6.8,2020,6,3,6,6,green,1,835,0,1.164000,21,112.000000,1107,16,16
85,65,S,17,6.7,2022,3,22,8,7,green,1,806,0,0.289000,32,24.000000,1108,16,16
86,62,SW,14,6.7,2018,3,6,8,7,green,1,697,0,5.457000,19,20.490000,1109,16,16
87,10,SSW,1,6.7,2019,1,20,8,8,orange,1,1600,0,0.173000,22,63.000000,1110,16,16
88,57,ENE,14,7.3,2022,3,16,9,8,red,1,2397,0,2.936000,29,41.000000,1111,16,16
89,32,SW,17,7.5,2018,2,25,9,8,yellow,1,943,0,5.480000,17,25.210000,1112,16,16
90,94,NW,18,6.6,2019,1,15,5,4,green,1,671,0,7.818000,18,35.000000,1113,16,16
91,166,W,21,6.7,2022,3,13,9,6,green,0,708,0,2.188000,43,28.000000,1114,16,16
92,4,S,23,7.2,2018,2,16,7,7,yellow,1,1384,0,0.142000,82,22.000000,1115,16,16
93,261,SE,9,7.9,2018,1,23,9,4,green,1,1870,0,2.585000,30,14.060000,1116,16,16
94,37,W,9,7.1,2018,1,14,9,7,green,1,1075,0,4.290000,23,39.000000,1117,16,16
95,175,SSE,22,6.6,2020,5,12,4,6,green,1,671,0,3.403000,12,107.000000,1118,16,16
96,90,W,19,6.8,2019,1,5,3,3,green,0,715,0,1.181000,16,570.410000,1119,16,16
97,203,NNE,2,7.5,2018,1,10,8,5,green,1,1623,0,4.581000,12,19.000000,1120,16,16
98,96,ESE,3,7.0,2018,12,29,5,5,green,1,803,0,1.769000,21,60.210000,1121,16,16
99,91,S,12,6.5,2020,5,2,7,6,green,0,678,0,1.293000,19,10.000000,1122,16,16
100,12,SSW,16,6.5,2017,12,15,8,7,green,0,998,0,2.365000,28,90.000000,1123,16,16
101,187,SE,17,7.3,2018,12,20,3,7,green,1,822,0,4.126000,23,16.560000,1124,16,16
102,NULL,NULL,18,6.5,2017,12,13,1,5,green,1,651,0,17.654000,23,17.000000,1125,16,16
103,85,ENE,22,7.0,2017,11,19,4,6,green,1,771,0,0.617000,14,10.000000,1126,16,16
104,74,E,15,6.6,2017,11,19,4,5,green,1,676,0,0.529000,21,13.000000,1127,16,16
105,199,ESE,6,6.6,2018,12,5,0,4,green,1,670,0,2.679000,31,10.000000,1128,16,16
106,18,W,2,6.5,2017,11,13,8,8,yellow,1,1153,0,0.225000,37,19.360000,1129,16,16
107,166,ESE,4,7.5,2018,12,5,3,6,green,1,871,0,2.405000,18,10.000000,1130,16,16
108,NULL,NULL,12,6.6,2022,3,2,2,7,green,1,670,0,0.827000,46,24.000000,1131,16,16
109,29,S,18,7.3,2017,11,12,8,9,red,0,2790,0,0.284000,33,19.000000,1132,16,16
110,NULL,NULL,9,6.8,2022,2,16,2,3,green,1,712,0,5.780000,12,535.000000,1133,16,16
111,67,WSW,21,6.5,2017,11,7,6,5,green,1,661,0,4.449000,10,110.570000,1134,16,16
112,NULL,NULL,23,6.5,2020,3,31,8,8,green,0,1410,0,0.885000,31,12.060000,1135,16,16
113,49,NW,15,6.5,2022,2,3,8,6,green,0,690,0,3.026000,22,110.000000,1136,16,16
114,97,NE,9,6.8,2017,11,4,5,5,green,1,727,0,4.852000,21,10.000000,1137,16,16
115,221,SSE,2,7.5,2020,3,25,6,5,green,1,879,0,4.109000,12,57.800000,1138,16,16
116,1,SE,17,7.1,2018,11,30,8,8,orange,1,1790,0,0.000000,0,46.700000,1139,18,19
117,95,ENE,10,7.0,2020,2,13,5,6,yellow,1,770,0,4.501000,25,143.000000,1140,16,16
118,80,SW,9,6.6,2022,1,14,8,6,green,0,785,0,2.418000,22,33.000000,1141,16,16
119,187,E,20,6.8,2018,11,18,0,3,green,1,711,0,2.879000,39,540.000000,1142,16,16
120,101,E,2,6.6,2017,11,1,3,5,green,1,674,0,0.788000,29,22.000000,1143,16,16
121,120,NW,1,6.7,2018,11,9,3,4,green,1,693,0,7.853000,19,10.000000,1144,16,16
122,32,SW,22,6.8,2018,10,25,8,7,yellow,0,954,0,2.268000,15,14.000000,1145,16,16
123,237,SW,6,6.5,2018,10,22,2,4,green,0,655,0,1.692000,68,10.000000,1146,16,16
124,210,SW,6,6.8,2018,10,22,4,4,green,1,776,0,1.505000,36,10.000000,1147,16,16
125,132,E,0,6.7,2017,10,31,3,4,green,1,691,0,1.062000,55,24.000000,1148,16,16
126,181,NNE,10,6.7,2017,10,24,3,3,green,0,694,0,1.634000,16,553.810000,1149,16,16
127,223,SW,5,6.5,2018,10,22,3,4,green,1,669,0,1.611000,63,10.000000,1150,16,16
128,71,SE,12,6.5,2022,1,11,0,3,,1,650,23,0.000000,209,37.000000,1151,19,20
129,171,E,1,6.5,2018,10,16,0,4,green,1,650,0,2.109000,22,17.000000,1152,16,16
130,53,SE,12,6.6,2022,1,11,8,5,green,1,674,0,0.507000,49,19.000000,1153,16,16
131,247,ESE,22,6.5,2017,10,8,3,5,green,1,651,0,1.154000,11,119.000000,1154,16,16
132,123,NNW,19,7.7,2020,1,28,9,6,yellow,1,1812,0,1.657000,26,14.860000,1155,16,16
133,13,N,17,6.7,2020,1,24,8,9,orange,0,1247,0,0.870000,49,10.000000,1156,16,16
134,1,S,18,7.1,2017,9,19,9,8,,0,1686,0,0.984000,23,48.000000,1157,16,16
135,91,SE,11,6.7,2022,1,11,0,4,,1,691,20,0.000000,205,33.000000,1158,19,20
136,7,S,6,6.8,2019,12,15,9,7,yellow,1,825,0,0.546000,39,18.000000,1159,16,16
137,100,SE,11,6.8,2022,1,11,7,6,green,1,730,0,0.920000,61,20.000000,1160,16,16
138,NULL,NULL,4,8.2,2017,9,8,9,7,red,1,2910,0,0.944000,22,47.390000,1161,16,16
139,153,WSW,18,6.8,2015,11,18,5,6,green,1,715,0,1.599000,19,12.590000,1162,16,16
140,168,SW,13,6.5,2017,8,8,5,7,yellow,0,707,0,11.411000,22,9.000000,1163,16,16
141,11,ENE,22,6.6,2017,7,20,7,7,yellow,0,1064,0,0.913000,16,7.000000,1164,16,16
142,19,SSW,7,6.5,2015,11,17,7,7,orange,0,1018,0,0.000000,0,11.000000,1165,16,16
143,138,E,16,7.1,2019,11,14,6,6,green,1,799,0,1.271000,11,33.000000,1166,16,16
144,NULL,NULL,23,7.7,2017,7,17,8,7,green,1,918,0,3.564000,13,10.000000,1167,16,16
145,140,WSW,20,6.7,2015,11,13,5,4,green,0,702,0,1.444000,17,12.000000,1168,16,16
146,166,SSW,10,6.5,2019,11,8,0,2,green,0,650,0,4.765000,25,577.000000,1169,16,16
147,NULL,NULL,7,6.6,2017,7,11,5,4,green,1,704,0,3.773000,37,10.000000,1170,16,16
148,85,NW,2,6.9,2015,11,11,5,6,green,0,744,0,0.821000,43,10.000000,1171,16,16
149,136,W,22,6.6,2019,11,4,4,4,green,1,673,0,5.086000,48,10.000000,1172,16,16
150,81,NW,1,6.9,2015,11,11,6,6,green,1,761,0,0.784000,32,12.000000,1173,16,16
151,48,WNW,1,6.6,2022,1,11,6,6,green,0,976,0,1.168000,21,21.000000,1174,16,16
152,2,S,8,6.5,2017,7,6,9,8,yellow,1,740,0,4.139000,30,9.000000,1175,16,16
153,39,SW,7,6.8,2015,11,7,7,7,green,1,841,0,0.258000,41,46.000000,1176,16,16
154,NULL,NULL,17,6.6,2022,1,7,9,8,orange,0,1012,0,2.685000,13,13.000000,1177,16,16
155,28,SW,12,6.8,2017,6,22,6,6,yellow,1,1034,0,1.065000,38,38.120000,1178,16,16
156,47,NW,3,6.5,2015,11,4,5,7,green,0,657,0,1.530000,21,20.000000,1179,16,16
157,125,NNE,18,7.3,2021,12,29,8,7,green,0,921,0,3.713000,19,165.490000,1180,16,16
158,2,SSW,7,6.9,2017,6,14,8,6,yellow,1,1188,0,0.247000,35,93.000000,1181,16,16
159,NULL,NULL,9,7.5,2015,10,26,8,7,orange,0,1448,0,0.622000,18,231.000000,1182,16,16
160,200,NW,22,6.8,2017,6,2,0,4,green,1,711,0,2.308000,12,5.000000,1183,16,16
161,31,NE,21,7.1,2015,10,20,6,6,green,1,780,0,0.592000,11,135.000000,1184,16,16
162,37,WNW,14,6.6,2017,5,29,7,7,green,0,678,0,2.353000,18,12.000000,1185,16,16
163,28,N,15,6.6,2015,9,24,7,7,green,0,671,0,2.486000,13,18.000000,1186,16,16
164,2,ESE,1,6.5,2019,10,31,9,7,green,1,733,0,0.428000,19,10.000000,1187,16,16
165,NULL,NULL,23,6.5,2017,5,10,0,4,green,1,650,0,6.489000,17,15.000000,1188,16,16
166,22,WSW,17,6.6,2015,9,21,5,7,green,1,820,0,1.064000,14,35.000000,1189,16,16
167,10,NE,1,6.6,2019,10,29,9,7,yellow,1,780,0,0.646000,24,15.000000,1190,16,16
168,43,NNW,10,7.5,2021,11,28,8,8,yellow,1,1094,0,4.951000,40,126.000000,1191,16,16
169,59,NNE,13,6.8,2017,5,9,6,5,green,1,713,0,7.495000,19,169.000000,1192,16,16
170,61,WNW,4,6.7,2015,9,17,5,7,green,0,718,0,0.853000,35,23.000000,1193,16,16
171,70,WSW,15,6.7,2019,9,29,7,6,green,1,844,0,1.269000,98,11.000000,1194,16,16
172,177,SE,15,6.6,2021,11,10,7,4,green,1,688,0,3.259000,15,12.000000,1195,16,16
173,31,SW,20,6.9,2017,4,28,9,6,green,1,814,0,1.636000,14,26.000000,1196,16,16
174,54,WNW,3,6.5,2015,9,17,6,7,green,0,657,0,0.749000,62,27.000000,1197,16,16
175,112,E,9,6.9,2021,10,11,8,6,green,1,995,0,0.000000,0,51.600000,1198,16,19
176,40,W,21,6.9,2017,4,24,9,7,yellow,1,1642,0,0.356000,39,28.000000,1199,16,16
177,25,WNW,23,7.0,2015,9,16,8,7,green,0,799,0,0.903000,13,28.410000,1200,16,16
178,NULL,NULL,10,6.9,2021,10,9,4,3,green,1,740,0,4.778000,31,535.000000,1201,16,16
179,132,WSW,17,6.5,2017,4,3,7,8,green,0,1297,0,2.360000,15,29.000000,1202,16,16
180,NULL,NULL,6,7.3,2021,10,2,4,4,green,1,826,0,4.493000,32,527.000000,1203,16,16
181,48,W,22,8.3,2015,9,16,9,8,orange,1,1960,0,0.684000,19,22.440000,1204,16,16
182,80,SW,9,6.5,2021,9,22,7,5,green,1,684,0,0.993000,114,21.000000,1205,16,16
183,95,SW,8,6.7,2015,9,13,5,5,green,1,708,0,1.256000,123,10.000000,1206,16,16
184,81,NNE,4,6.6,2017,3,29,6,7,yellow,1,671,0,4.591000,14,17.000000,1207,16,16
185,NULL,NULL,1,7.0,2021,9,8,8,8,red,1,2504,0,0.070000,43,20.000000,1208,16,16
186,11,S,23,6.5,2019,9,25,7,7,yellow,1,656,0,3.909000,15,12.260000,1209,16,16
187,177,SE,18,6.5,2015,8,12,0,5,green,1,650,0,2.045000,16,6.430000,1210,16,16
188,NULL,NULL,21,7.1,2021,8,22,1,4,green,1,776,0,9.799000,32,6.000000,1211,16,16
189,34,NNE,15,6.6,2019,9,1,2,3,,1,671,0,4.121000,19,591.000000,1212,16,16
190,186,WNW,4,6.6,2015,8,10,3,5,green,1,671,0,1.872000,20,22.000000,1213,16,16
191,NULL,NULL,0,6.6,2021,8,22,1,3,green,1,670,0,8.865000,19,7.000000,1214,16,16
192,234,W,21,7.0,2015,7,27,9,7,green,1,762,0,6.278000,12,48.000000,1215,16,16
193,17,N,10,6.9,2021,8,18,8,7,green,1,741,0,0.579000,54,93.000000,1216,16,16
194,NULL,NULL,12,7.2,2021,8,14,9,8,red,1,2331,0,1.178000,23,10.000000,1217,16,16
195,NULL,NULL,4,6.9,2015,7,27,4,7,green,1,734,0,0.444000,39,29.000000,1218,16,16
196,136,SE,11,6.9,2021,8,14,5,4,green,1,738,0,0.000000,0,33.300000,1219,16,19
197,80,WNW,2,7.0,2015,7,18,8,6,green,1,759,0,5.205000,22,11.000000,1220,16,16
198,128,NE,15,6.5,2015,7,16,4,4,green,1,686,0,1.218000,20,20.000000,1221,16,16
199,67,NNE,6,7.8,2015,4,25,8,9,red,0,2820,0,1.857000,12,8.220000,1222,16,16
200,150,WNW,4,6.7,2015,7,10,4,5,green,1,691,0,1.529000,11,12.000000,1223,16,16
201,125,SE,11,6.9,2021,8,14,5,4,green,1,738,0,1.173000,36,20.740000,1224,16,16
202,181,SSW,15,6.5,2015,4,17,0,5,green,1,650,0,3.702000,42,10.000000,1225,16,16
203,NULL,NULL,18,8.1,2021,8,12,0,7,green,0,1009,0,7.463000,78,22.790000,1226,16,16
204,NULL,NULL,17,6.9,2017,2,24,2,3,green,1,733,0,6.012000,19,414.500000,1227,16,16
205,96,ENE,8,6.5,2015,3,30,2,5,green,1,650,0,4.629000,36,11.000000,1228,16,16
206,NULL,NULL,18,7.5,2021,8,12,9,6,green,1,868,0,7.227000,38,47.230000,1229,16,16
207,NULL,NULL,12,6.5,2015,6,23,3,4,green,0,652,0,2.277000,11,460.000000,1230,16,16
208,53,SE,23,7.5,2015,3,29,6,7,green,1,872,0,0.666000,19,41.000000,1231,16,16
209,60,ENE,17,7.1,2021,8,11,9,7,green,1,846,0,1.273000,25,55.140000,1232,16,16
210,NULL,NULL,11,7.8,2015,5,30,6,3,green,1,1151,0,1.675000,12,664.000000,1233,16,16
211,150,NNE,13,7.0,2015,2,27,4,6,green,0,760,0,1.362000,12,552.060000,1234,16,16
212,41,E,14,6.5,2017,2,21,3,3,green,0,653,0,4.242000,14,595.980000,1235,16,16
213,91,ESE,6,8.2,2021,7,29,8,6,green,1,1237,0,0.875000,66,46.660000,1236,16,16
214,11,N,14,6.5,2017,2,10,8,7,yellow,1,718,0,2.822000,36,15.000000,1237,16,16
215,99,SE,6,8.2,2021,7,29,8,7,yellow,1,1252,0,0.000000,0,35.000000,1238,16,19
216,35,WNW,4,7.9,2017,1,22,9,7,yellow,1,987,0,3.625000,9,135.000000,1239,16,16
217,117,SSE,7,6.8,2015,5,29,5,6,green,1,762,0,0.000000,0,72.600000,1240,18,19
218,83,ENE,23,6.7,2015,2,16,5,5,green,1,714,0,1.925000,20,23.000000,1241,16,16
219,65,W,23,6.5,2017,1,19,6,6,green,1,654,0,1.640000,21,36.000000,1242,16,16
220,159,ESE,23,6.8,2015,5,22,1,5,green,1,711,0,3.619000,18,10.000000,1243,16,16
221,103,W,18,6.7,2015,2,11,4,6,green,1,700,0,2.110000,16,223.000000,1244,16,16
222,189,SSE,6,7.3,2017,1,10,6,3,green,1,849,0,3.813000,18,627.170000,1245,16,16
223,15,S,20,6.7,2021,7,23,8,5,green,1,935,0,8.139000,12,110.000000,1246,16,16
224,205,ESE,21,6.9,2015,5,22,1,4,green,1,732,0,4.024000,22,11.190000,1247,16,16
225,81,NNE,3,6.8,2015,1,23,1,4,green,1,711,0,2.019000,13,219.960000,1248,16,16
226,71,S,21,6.7,2021,7,21,6,6,green,1,830,0,1.395000,61,10.000000,1249,16,16
227,225,SW,21,6.9,2017,1,3,6,4,green,1,742,0,2.495000,13,12.000000,1250,16,16
228,236,S,5,6.5,2015,1,7,1,4,green,1,650,0,4.318000,61,8.000000,1251,16,16
229,178,W,22,6.8,2015,5,20,1,4,green,1,711,0,4.395000,15,11.000000,1252,16,16
230,22,ESE,8,6.6,2014,12,8,7,6,green,1,709,0,2.485000,43,20.000000,1253,16,16
231,265,SSE,22,6.5,2021,5,21,5,7,green,1,652,0,4.518000,44,10.000000,1254,16,16
232,41,SW,14,7.6,2016,12,25,9,8,yellow,1,1152,0,0.355000,29,38.000000,1255,16,16
233,115,W,1,6.6,2014,12,7,1,5,green,1,670,0,3.246000,12,23.000000,1256,16,16
234,106,WSW,5,6.6,2014,12,2,1,3,green,0,670,0,2.600000,9,614.000000,1257,16,16
235,32,SE,21,6.8,2015,5,12,8,6,green,1,831,0,1.422000,8,35.000000,1258,16,16
236,157,NW,14,6.8,2014,11,26,6,5,green,1,713,0,1.421000,19,39.000000,1259,16,16
237,123,WNW,10,6.5,2014,11,21,5,5,green,1,652,0,1.549000,9,35.000000,1260,16,16
238,151,NE,0,6.7,2016,12,21,5,5,green,0,726,0,3.380000,17,152.000000,1261,16,16
239,NULL,NULL,18,7.3,2021,5,21,9,9,orange,0,1025,0,4.655000,9,10.000000,1262,16,16
240,183,NE,22,6.7,2014,11,16,7,4,green,1,698,0,1.079000,25,22.000000,1263,16,16
241,143,SW,7,7.1,2015,5,7,1,6,green,1,776,0,3.835000,11,10.000000,1264,16,16
242,260,S,6,6.7,2021,5,14,8,4,green,0,698,0,1.487000,37,11.000000,1265,16,16
243,155,NW,2,7.1,2014,11,15,4,6,green,1,779,0,1.397000,18,45.000000,1266,16,16
244,131,SSW,1,7.5,2015,5,5,7,8,green,1,869,0,1.295000,22,55.000000,1267,16,16
245,NULL,NULL,14,6.7,2021,5,12,9,3,green,0,694,0,10.669000,45,10.000000,1268,16,16
246,140,E,10,7.9,2016,12,17,9,7,yellow,1,972,0,1.389000,13,94.540000,1269,16,16
247,76,NE,3,6.6,2014,11,7,2,6,green,1,671,0,3.557000,13,53.190000,1270,16,16
248,92,WSW,19,6.9,2016,12,9,8,6,green,1,737,0,1.747000,26,19.730000,1271,16,16
249,NULL,NULL,18,7.1,2014,11,1,3,6,green,1,776,0,4.415000,13,434.000000,1272,16,16
250,79,WSW,21,6.5,2016,12,8,0,5,green,0,650,0,1.937000,18,12.260000,1273,16,16
251,207,WSW,22,6.5,2021,4,25,4,4,green,0,651,0,5.931000,20,246.000000,1274,16,16
252,109,SSW,8,6.8,2015,5,1,5,6,green,1,714,0,1.074000,23,44.000000,1275,16,16
253,74,S,3,7.3,2014,10,14,8,6,yellow,1,982,0,1.078000,18,40.000000,1276,16,16
254,69,WSW,17,7.8,2016,12,8,9,8,green,1,961,0,1.836000,13,40.000000,1277,16,16
255,225,WNW,0,6.5,2021,4,24,6,4,green,0,652,0,10.405000,19,301.000000,1278,16,16
256,43,NW,6,6.7,2014,9,17,5,5,green,1,724,0,0.460000,11,130.000000,1279,16,16
257,164,W,14,6.6,2016,12,8,5,4,green,1,1120,0,1.405000,55,8.450000,1280,16,16
258,30,E,9,7.0,2021,3,20,7,7,yellow,1,1052,0,2.378000,35,43.000000,1281,16,16
259,38,NW,23,6.8,2014,8,24,6,6,green,1,741,0,4.107000,18,101.000000,1282,16,16
260,126,SSW,10,6.7,2015,4,30,5,6,green,1,692,0,1.239000,12,31.000000,1283,16,16
261,NULL,NULL,0,6.9,2014,8,3,0,4,green,1,732,0,6.393000,12,13.000000,1284,16,16
262,171,SSE,18,6.6,2021,3,16,5,5,green,1,672,0,3.183000,18,13.230000,1285,16,16
263,21,SSE,7,6.7,2015,4,26,7,7,yellow,0,1016,0,0.727000,13,22.910000,1286,16,16
264,NULL,NULL,2,6.5,2021,3,4,0,4,green,0,650,0,11.764000,25,24.000000,1287,17,16
265,14,WNW,22,6.5,2016,12,6,9,8,yellow,0,731,0,0.778000,27,13.000000,1288,16,16
266,71,NNE,6,6.6,2015,4,25,8,7,yellow,0,733,0,1.778000,16,10.000000,1289,16,16
267,139,ESE,19,6.5,2014,7,11,5,4,green,1,706,0,2.421000,9,20.000000,1290,16,16
268,NULL,NULL,19,8.1,2021,3,4,9,8,green,1,1021,0,0.739000,21,28.930000,1291,16,16
269,122,N,14,6.6,2016,11,25,8,7,green,0,693,0,1.697000,20,17.000000,1292,16,16
270,4,W,11,6.9,2014,7,7,8,7,orange,1,1079,0,0.263000,51,53.000000,1293,16,16
271,217,SSE,15,6.5,2014,7,4,0,4,green,1,650,0,2.124000,15,20.000000,1294,16,16
272,112,S,12,7.4,2014,4,13,0,6,green,1,842,0,2.885000,17,39.000000,1295,16,16
273,156,SSW,18,6.9,2016,11,24,5,4,green,1,855,0,1.796000,20,10.000000,1296,16,16
274,201,SSE,17,6.7,2014,6,29,0,5,green,1,691,0,6.713000,45,18.000000,1297,16,16
275,35,ESE,20,6.9,2016,11,21,9,6,green,1,1144,0,0.671000,10,9.000000,1298,16,16
276,93,SSE,20,7.6,2014,4,12,0,7,green,1,889,0,2.828000,13,22.560000,1299,16,16
277,NULL,NULL,17,7.4,2021,3,4,3,7,green,1,843,0,0.437000,30,43.000000,1300,16,16
278,15,N,20,6.6,2014,4,11,6,5,green,1,677,0,0.761000,20,135.000000,1301,16,16
279,182,NE,13,7.3,2021,3,4,7,6,green,1,932,0,0.918000,24,10.000000,1302,16,16
280,73,ENE,14,7.1,2021,2,13,9,8,orange,1,1612,0,3.085000,11,43.980000,1303,16,16
281,78,SW,8,6.5,2014,4,11,0,6,green,1,650,0,3.787000,16,20.000000,1304,16,16
282,74,NE,0,6.5,2016,11,14,7,7,yellow,1,664,0,0.283000,56,9.000000,1305,16,16
283,56,WSW,7,7.1,2014,4,11,0,7,green,1,776,0,3.729000,21,60.530000,1306,16,16
284,NULL,NULL,11,6.9,2014,6,29,0,5,green,1,732,0,4.838000,25,8.000000,1307,16,16
285,53,SW,2,7.7,2014,4,3,8,9,yellow,1,1057,0,1.029000,44,22.400000,1308,16,16
286,NULL,NULL,20,7.9,2014,6,23,6,8,green,1,963,0,0.133000,22,109.000000,1309,16,16
287,45,WSW,1,6.5,2014,4,3,7,7,green,0,670,0,0.828000,82,24.070000,1310,16,16
288,92,SSW,11,6.5,2016,11,13,6,7,yellow,1,656,0,0.135000,58,10.000000,1311,16,16
289,90,WNW,23,6.9,2014,4,1,0,5,green,0,732,0,0.828000,119,28.420000,1312,16,16
290,53,NNE,11,7.8,2016,11,13,9,9,orange,1,1545,0,0.481000,21,15.110000,1313,16,16
291,NULL,NULL,20,6.7,2014,6,23,0,5,green,0,691,0,0.748000,43,26.590000,1314,20,16
292,93,NW,23,8.2,2014,4,1,9,8,yellow,1,1332,0,0.609000,23,25.000000,1315,16,16
293,5,ESE,6,6.6,2016,10,30,9,8,red,0,2840,0,0.174000,25,8.000000,1316,16,16
294,63,WNW,21,6.7,2014,3,16,7,7,green,1,718,0,1.008000,44,20.000000,1317,16,16
295,NULL,NULL,14,7.3,2013,7,15,0,6,green,1,820,398,0.000000,43,11.000000,1318,16,16
296,161,NNE,0,6.6,2016,10,19,3,3,green,0,677,0,2.022000,16,614.000000,1319,16,16
297,NULL,NULL,19,6.9,2014,6,23,0,5,green,1,732,0,0.751000,35,20.000000,1320,16,16
298,77,WNW,5,6.8,2014,3,10,5,5,green,1,1211,112,0.656800,229,16.441000,1321,18,21
299,26,NE,20,6.6,2013,7,7,4,6,green,0,674,139,0.000000,14,56.000000,1322,16,16
300,76,WNW,6,6.8,2016,10,17,3,6,green,1,716,0,3.727000,11,42.000000,1323,16,16
301,21,SSW,9,6.9,2014,5,24,9,7,green,0,951,0,0.402000,25,6.430000,1324,16,16
302,109,NW,20,6.5,2014,3,2,4,5,green,1,668,0,1.001000,17,119.000000,1325,16,16
303,190,ENE,18,7.3,2013,7,7,0,4,green,1,820,117,0.000000,24,385.500000,1326,16,16
304,110,SE,6,6.5,2014,5,13,7,5,green,1,694,0,3.121000,33,10.000000,1327,16,16
305,171,NNE,9,6.5,2014,2,18,5,4,green,1,681,0,1.635000,30,14.830000,1328,16,16
306,NULL,NULL,21,6.9,2016,9,24,2,3,green,1,733,0,4.051000,9,596.400000,1329,16,16
307,272,ESE,9,6.9,2014,2,12,3,8,yellow,0,733,0,7.496000,18,10.000000,1330,16,16
308,44,W,17,6.5,2013,6,15,5,6,green,1,679,698,0.000000,27,30.000000,1331,16,16
309,239,SSE,6,6.6,2014,5,1,0,5,green,1,670,0,3.340000,10,106.000000,1332,16,16
310,32,E,8,6.5,2014,2,7,0,5,green,1,650,0,0.409000,20,122.000000,1333,16,16
311,NULL,NULL,16,6.7,2013,6,13,5,4,green,0,710,515,0.000000,24,9.000000,1334,16,16
312,107,WSW,3,6.5,2014,4,24,4,6,green,1,838,0,0.000000,0,10.000000,1335,16,16
313,175,NE,16,7.0,2016,9,1,5,6,green,1,897,0,0.698000,21,19.000000,1336,16,16
314,NULL,NULL,5,8.3,2013,5,24,5,5,green,1,1115,385,0.000000,10,598.100000,1337,16,16
315,90,NE,3,6.8,2016,8,31,4,3,green,1,713,0,0.803000,12,476.000000,1338,16,16
316,NULL,NULL,9,6.5,2014,2,2,0,3,green,1,650,0,3.651000,22,44.260000,1339,16,16
317,70,SW,13,7.5,2014,4,19,0,6,green,1,865,0,3.820000,16,43.370000,1340,16,16
318,292,SW,17,7.4,2013,5,23,0,6,green,1,842,626,0.000000,16,173.700000,1341,16,16
319,32,W,16,6.5,2014,1,1,0,4,green,1,650,0,3.997000,14,187.000000,1342,16,16
320,NULL,NULL,0,6.8,2013,5,14,0,3,green,0,711,131,0.000000,18,602.200000,1343,16,16
321,NULL,NULL,7,6.5,2013,11,23,3,4,green,0,651,0,5.194000,22,371.000000,1344,16,16
322,26,W,10,6.8,2016,8,24,6,6,yellow,0,981,0,1.802000,17,82.000000,1345,16,16
323,33,N,23,6.5,2013,4,23,0,6,green,1,650,264,0.000000,17,10.000000,1346,16,16
324,57,SW,1,6.6,2014,4,19,0,6,green,1,670,0,3.803000,11,29.000000,1347,16,16
325,56,WSW,0,6.6,2013,4,20,8,8,red,0,2083,548,0.000000,13,14.000000,1348,16,16
326,252,ENE,3,7.2,2013,4,19,5,7,green,1,804,770,0.000000,10,110.000000,1349,16,16
327,NULL,NULL,1,7.2,2016,8,12,6,5,green,1,799,0,4.823000,14,16.370000,1350,16,16
328,9,ENE,14,7.2,2014,4,18,8,7,yellow,1,1017,0,2.250000,46,24.000000,1351,16,16
329,23,ESE,22,6.6,2013,4,16,7,7,green,1,672,445,0.000000,11,13.000000,1352,16,16
330,NULL,NULL,21,7.7,2016,7,29,5,6,green,1,971,0,3.294000,14,196.000000,1353,16,16
331,75,S,13,6.6,2014,4,13,0,6,green,0,670,0,2.666000,22,10.000000,1354,16,16
332,79,ESE,10,7.7,2013,4,16,8,8,yellow,0,1421,506,0.000000,27,80.000000,1355,16,16
333,41,SSW,23,6.6,2013,10,31,6,7,green,1,723,0,0.636000,31,27.000000,1356,16,16
334,80,W,22,6.6,2016,6,1,4,6,green,0,671,0,2.435000,16,50.000000,1357,16,16
335,98,W,1,6.6,2013,4,14,0,5,green,1,670,491,0.000000,12,31.000000,1358,16,16
336,NULL,NULL,9,7.2,2016,5,28,1,6,green,1,798,0,5.803000,24,78.000000,1359,16,16
337,NULL,NULL,17,7.1,2013,10,25,6,4,green,1,872,0,3.968000,10,35.000000,1360,16,16
338,260,WSW,4,7.0,2013,4,6,3,7,green,1,755,640,0.000000,11,66.000000,1361,16,16
339,24,NW,16,6.9,2016,5,18,8,7,green,1,780,0,1.192000,17,29.950000,1362,16,16
340,98,SW,17,6.6,2013,10,19,8,5,green,1,692,0,1.980000,44,9.450000,1363,16,16
341,36,E,22,6.5,2013,3,10,0,6,green,1,650,317,0.000000,14,28.000000,1364,16,16
342,163,ENE,0,6.6,2012,10,12,3,5,,0,675,291,0.000000,18,13.000000,1365,16,16
343,62,WSW,10,6.8,2013,10,16,0,6,green,1,711,0,5.790000,9,35.000000,1366,16,16
344,87,SE,13,6.5,2013,3,1,3,6,green,0,651,480,0.000000,21,29.000000,1367,16,16
345,11,WNW,16,7.3,2012,9,30,7,6,,0,1221,934,0.000000,16,170.000000,1368,16,16
346,4,SE,0,7.1,2013,10,15,9,8,orange,1,1092,0,3.144000,12,19.040000,1369,16,16
347,32,SE,7,6.7,2016,5,18,5,7,green,1,744,0,1.352000,21,16.000000,1370,16,16
348,81,SE,14,6.9,2013,2,28,5,6,green,1,736,531,0.000000,21,41.000000,1371,16,16
349,11,ENE,14,7.6,2012,9,5,8,7,,0,1555,703,0.000000,34,35.000000,1372,16,16
350,36,W,13,6.6,2013,10,12,5,6,yellow,0,691,0,1.984000,40,40.000000,1373,16,16
351,183,SW,13,6.6,2013,2,14,0,7,green,1,670,697,0.000000,15,11.000000,1374,16,16
352,NULL,NULL,3,6.7,2013,10,1,0,3,green,0,691,0,2.958000,11,573.000000,1375,16,16
353,30,SSW,21,6.6,2013,2,9,0,6,green,1,670,421,0.000000,17,18.000000,1376,16,16
354,NULL,NULL,17,6.5,2013,9,30,0,4,green,1,650,0,1.709000,21,41.540000,1377,16,16
355,2,NNE,14,6.9,2013,2,9,5,5,green,1,904,562,0.000000,24,145.000000,1378,16,16
356,3,NW,19,7.0,2016,4,28,7,7,green,1,755,0,0.616000,14,24.000000,1379,16,16
357,129,WSW,7,6.8,2013,9,28,7,7,orange,0,1005,0,7.359000,17,12.000000,1380,16,16
358,32,SE,15,7.1,2013,2,8,9,6,green,1,780,334,0.000000,16,21.000000,1381,16,16
359,27,SSE,23,7.8,2016,4,16,9,9,orange,1,1163,0,1.440000,15,20.590000,1382,16,16
360,22,ESE,11,6.8,2013,2,8,0,7,green,1,711,400,0.000000,18,12.000000,1383,16,16
361,6,ESE,16,7.0,2016,4,15,9,9,red,1,2074,0,0.349000,32,10.000000,1384,16,16
362,33,SSW,18,6.7,2013,2,7,0,6,green,1,691,387,0.000000,26,11.000000,1385,16,16
363,16,WSW,16,7.1,2013,9,25,8,7,green,1,843,0,4.446000,17,40.000000,1386,16,16
364,89,E,12,7.6,2012,8,31,8,5,,0,1115,682,0.000000,10,28.000000,1387,16,16
365,33,NW,1,7.0,2013,2,6,0,6,green,0,754,445,0.000000,18,8.800000,1388,16,16
366,113,NW,11,7.7,2013,9,24,5,8,red,0,2015,0,7.241000,17,15.000000,1389,16,16
367,126,S,4,7.3,2012,8,27,5,5,,0,994,417,0.000000,37,28.000000,1390,16,16
368,112,WSW,1,7.1,2013,2,6,0,5,green,0,776,550,0.000000,18,10.000000,1391,16,16
369,76,SE,13,6.9,2016,4,13,6,6,yellow,0,903,0,3.001000,14,136.000000,1392,16,16
370,140,WNW,15,6.6,2012,8,26,4,5,,0,678,497,0.000000,15,91.100000,1393,16,16
371,75,W,1,8.0,2013,2,6,8,7,green,1,993,460,0.000000,21,24.000000,1394,16,16
372,156,ENE,2,7.7,2012,8,14,7,4,,0,941,862,0.000000,14,583.200000,1395,16,16
373,81,SSW,2,6.5,2013,9,4,0,6,green,1,650,0,0.735000,24,20.000000,1396,16,16
374,42,WSW,10,6.6,2016,4,10,6,4,green,0,738,0,0.789000,17,212.000000,1397,16,16
375,105,ESE,20,6.5,2012,7,28,5,6,,0,653,576,0.000000,12,41.000000,1398,16,16
376,NULL,NULL,0,6.5,2013,9,4,5,3,green,0,739,0,3.276000,26,402.000000,1399,16,16
377,18,SSW,14,6.9,2013,2,2,6,7,yellow,0,814,686,0.000000,28,107.000000,1400,16,16
378,104,W,3,6.7,2016,4,7,7,5,green,1,692,0,6.787000,25,27.590000,1401,16,16
379,76,W,10,6.6,2012,4,28,4,5,,0,675,529,0.000000,16,134.700000,1402,16,16
380,180,NE,11,6.5,2013,9,1,4,5,green,0,668,0,3.097000,11,112.000000,1403,16,16
381,54,N,20,6.8,2013,1,30,6,7,green,0,771,596,0.000000,19,45.000000,1404,16,16
382,102,WSW,6,6.7,2016,4,6,7,6,green,1,691,0,6.697000,19,24.000000,1405,16,16
383,86,SSE,1,6.7,2012,4,21,0,7,,0,691,370,0.000000,15,16.000000,1406,16,16
384,101,SW,16,7.0,2013,8,30,5,6,green,0,758,0,0.624000,53,29.000000,1407,16,16
385,110,SW,8,7.5,2013,1,5,6,6,,0,1425,0,0.000000,0,8.700000,1408,18,19
386,82,NNW,8,6.9,2016,4,3,7,6,green,1,734,0,1.166000,25,26.000000,1409,16,16
387,140,N,7,6.8,2012,4,17,6,5,,0,732,597,0.000000,13,198.000000,1410,16,16
388,59,SSW,22,6.7,2012,12,21,0,4,,0,691,521,0.000000,14,200.700000,1411,16,16
389,22,NW,3,6.7,2012,4,17,0,7,,0,691,518,0.000000,27,29.000000,1412,16,16
390,69,ENE,7,7.0,2012,4,12,7,7,,0,1000,474,0.000000,96,13.000000,1413,16,16
391,NULL,NULL,12,7.8,2016,3,2,4,3,green,0,948,0,7.009000,20,24.000000,1414,16,16
392,41,NW,22,6.5,2012,4,11,7,6,,0,1171,599,0.000000,54,20.000000,1415,17,16
393,29,SE,2,6.5,2013,8,16,9,7,yellow,1,690,0,0.000000,0,8.200000,1416,16,16
394,234,SE,8,7.3,2012,12,7,6,5,,0,1014,918,0.000000,15,31.000000,1417,16,16
395,101,WSW,15,6.7,2013,8,13,4,5,green,1,715,0,3.741000,22,12.000000,1418,16,16
396,80,S,3,7.2,2016,1,30,3,7,green,1,799,0,0.958000,17,177.000000,1419,16,16
397,32,SW,22,6.5,2012,11,11,4,5,,0,708,598,0.000000,57,20.000000,1420,16,16
398,38,ESE,5,6.5,2013,7,21,6,7,yellow,1,693,229,0.000000,20,17.000000,1421,16,16
399,47,ESE,10,7.1,2016,1,24,7,7,green,1,1496,0,0.000000,0,125.600000,1422,18,19
400,23,NE,22,7.1,2012,3,25,7,7,,0,1496,553,0.000000,15,40.700000,1423,16,16
401,51,NNE,1,6.8,2012,11,11,7,6,,0,795,391,0.000000,14,13.700000,1424,16,16
402,203,SW,18,6.6,2016,1,21,3,4,green,1,673,0,2.413000,74,10.000000,1425,16,16
403,11,ENE,22,6.6,2012,3,21,6,6,,0,709,640,0.000000,10,118.000000,1426,16,16
404,33,S,16,7.4,2012,11,7,8,7,yellow,0,1455,751,0.000000,26,24.000000,1427,16,16
405,6,E,18,7.4,2012,3,20,9,8,,0,1752,672,0.000000,38,20.000000,1428,16,16
406,206,SW,3,7.8,2012,10,28,8,7,,0,1726,807,0.000000,43,14.000000,1429,16,16
407,41,NNE,21,6.7,2011,6,22,6,6,,0,749,592,0.000000,25,33.000000,1430,16,16
408,NULL,NULL,0,6.5,2012,10,24,6,6,,0,745,691,0.000000,34,17.000000,1431,16,16
409,38,NE,6,6.7,2012,2,26,7,7,,0,833,596,0.000000,13,12.000000,1432,16,16
410,52,SE,3,6.7,2016,1,14,5,6,green,1,717,0,0.281000,22,46.000000,1433,16,16
411,2,NNE,3,6.7,2012,2,6,9,7,,0,1551,572,0.000000,11,11.000000,1434,16,16
412,124,NE,8,6.8,2011,5,10,4,5,,0,734,519,0.000000,12,11.000000,1435,16,16
413,125,W,13,7.1,2012,2,2,5,5,,0,793,573,0.000000,12,23.000000,1436,16,16
414,79,W,4,6.8,2011,4,23,5,6,,0,719,445,0.000000,13,79.000000,1437,16,16
415,227,SE,16,6.5,2016,1,11,3,6,green,1,651,0,3.144000,22,13.000000,1438,16,16
416,29,W,23,6.7,2016,1,3,8,7,orange,0,1515,0,1.794000,16,55.000000,1439,16,16
417,17,SSW,8,6.6,2011,4,11,7,7,,0,822,586,0.000000,10,11.000000,1440,16,16
418,99,WSW,9,6.9,2010,4,11,4,5,,0,740,399,0.000000,12,21.000000,1441,20,16
419,45,NNE,15,6.6,2011,12,27,0,7,,0,670,545,0.000000,18,15.000000,1442,16,16
420,4,W,19,6.6,2015,12,17,8,6,green,1,765,0,0.410000,35,85.000000,1443,16,16
421,29,ESE,14,7.1,2011,4,7,8,8,,0,1114,446,0.000000,18,42.000000,1444,16,16
422,75,E,22,7.8,2010,4,6,0,7,,0,936,352,0.000000,19,31.000000,1445,20,16
423,25,SSE,5,7.1,2011,12,14,6,6,,0,834,485,0.000000,11,135.000000,1446,16,16
424,107,SE,10,6.9,2015,12,9,8,5,green,0,738,0,2.979000,14,21.000000,1447,16,16
425,7,SW,13,6.6,2011,4,7,7,6,,0,897,518,0.000000,37,166.200000,1448,16,16
426,6,SSW,1,6.5,2011,12,11,8,7,,0,1400,578,0.000000,39,59.000000,1449,16,16
427,27,NNW,13,6.9,2011,3,24,7,9,,0,1154,335,0.000000,18,8.000000,1450,16,16
428,217,N,16,6.6,2010,3,30,5,6,,0,701,413,0.000000,17,34.000000,1451,20,16
429,39,SW,18,6.9,2011,10,28,6,7,,0,847,474,0.000000,46,24.000000,1452,16,16
430,50,ESE,11,6.6,2011,3,11,6,5,,0,673,668,0.000000,10,25.700000,1453,21,16
431,104,W,7,7.2,2015,12,7,4,7,green,0,827,0,1.116000,18,22.000000,1454,16,16
432,52,NNW,2,6.7,2010,3,16,5,6,,0,856,312,0.000000,35,18.000000,1455,20,16
433,81,NE,8,6.5,2011,3,11,0,4,,0,650,369,0.000000,19,6.800000,1456,22,16
434,59,ENE,8,6.5,2010,3,14,6,5,,0,810,491,0.000000,27,32.000000,1457,20,16
435,27,NNE,10,7.1,2011,10,23,9,9,,0,1096,693,0.000000,20,18.000000,1458,16,16
436,272,ESE,6,7.7,2011,3,11,7,4,,0,931,507,0.000000,11,18.600000,1459,20,16
437,52,NW,14,7.0,2010,3,11,7,7,,0,874,403,0.000000,17,18.000000,1460,20,16
438,125,SSW,5,6.7,2015,11,26,2,3,green,0,691,0,2.033000,19,602.750000,1461,16,16
439,47,E,6,7.9,2011,3,11,8,7,,0,1140,163,0.000000,48,42.600000,1462,20,16
440,4,ESE,3,6.5,2011,10,14,3,6,,0,655,423,0.000000,13,37.000000,1463,16,16
441,185,WNW,22,7.6,2015,11,24,5,4,green,0,896,0,2.852000,10,620.560000,1464,16,16
442,NULL,NULL,5,9.1,2011,3,11,9,8,,0,2184,541,0.000000,10,29.000000,1465,16,22
443,43,NW,12,6.9,2011,9,18,8,8,,0,1562,383,0.000000,13,50.000000,1466,16,16
444,155,WNW,22,7.6,2015,11,24,6,5,green,1,957,0,3.287000,10,606.210000,1467,16,16
445,120,SE,2,7.3,2011,3,9,5,5,,0,972,550,0.000000,17,32.000000,1468,16,16
446,99,NE,19,6.7,2011,9,16,5,5,,0,712,667,0.000000,11,30.000000,1469,20,16
447,38,W,3,6.7,2011,2,14,5,6,,0,731,358,0.000000,34,21.000000,1470,16,16
448,61,NW,14,6.9,2010,3,11,7,7,,0,1280,415,0.000000,12,11.000000,1471,20,16
449,21,N,20,6.9,2011,2,11,7,7,,0,988,382,0.000000,35,26.000000,1472,16,16
450,68,WSW,17,6.7,2011,9,5,5,6,,0,915,447,0.000000,15,91.000000,1473,16,16
451,141,W,16,6.8,2010,3,5,4,6,,0,717,401,0.000000,23,26.000000,1474,20,16
452,46,WSW,20,7.2,2011,1,18,7,7,,0,1449,372,0.000000,25,68.000000,1475,16,16
453,133,SSE,22,7.0,2011,9,3,7,5,,0,761,406,0.000000,15,185.100000,1476,16,16
454,23,WNW,11,6.6,2010,3,5,7,7,,0,736,255,0.000000,28,18.000000,1477,17,16
455,191,S,18,7.6,2009,3,19,7,5,,0,916,504,0.000000,14,31.000000,1478,20,16
456,118,NNE,16,7.0,2011,1,13,2,5,,0,755,578,0.000000,13,9.000000,1479,16,16
457,64,ESE,17,7.0,2011,8,24,6,6,,0,913,471,0.000000,27,147.000000,1480,16,16
458,48,NW,14,6.5,2010,3,4,0,4,,0,650,426,0.000000,19,176.000000,1481,17,16
459,42,NNW,20,7.2,2011,1,2,8,7,,0,1054,397,0.000000,30,24.000000,1482,16,16
460,196,SSE,17,7.2,2009,2,11,3,7,,0,802,432,0.000000,19,20.000000,1483,20,16
461,124,W,8,7.4,2010,2,27,0,5,,0,842,409,0.000000,18,35.000000,1484,20,16
462,141,W,13,7.3,2010,12,25,0,5,,0,820,409,0.000000,12,16.000000,1485,20,16
463,86,WNW,22,7.4,2009,1,3,7,7,,0,846,314,0.000000,21,23.000000,1486,20,16
464,36,WNW,6,8.8,2010,2,27,8,8,,0,1991,454,0.000000,18,22.900000,1487,16,22
465,111,SE,18,6.7,2010,12,20,3,7,,0,708,279,0.000000,24,12.000000,1488,20,16
466,50,S,20,6.6,2009,1,3,5,4,,0,765,344,0.000000,23,204.800000,1489,20,16
467,70,SE,20,7.0,2010,2,26,6,6,,0,1180,487,0.000000,16,25.000000,1490,20,16
468,10,SE,21,7.0,2010,1,12,9,9,,0,1623,500,0.000000,23,13.000000,1491,20,16
469,140,WNW,19,7.7,2009,1,3,5,7,,0,918,288,0.000000,30,17.000000,1492,20,16
470,37,WNW,0,6.5,2010,1,10,7,7,,0,1360,51,0.322500,220,28.737000,1493,18,21
471,135,NW,17,7.4,2008,11,16,9,7,,0,848,365,0.000000,34,30.000000,1494,16,16
472,52,ENE,3,6.6,2010,12,2,0,6,,0,670,306,0.000000,18,33.000000,1495,17,16
473,127,SE,12,6.8,2010,1,5,3,6,,0,713,338,0.000000,15,15.400000,1496,20,16
474,19,SW,19,6.7,2008,10,16,5,6,,0,731,481,0.000000,29,24.000000,1497,20,16
475,215,SW,14,7.8,2010,10,25,4,7,,0,946,379,0.000000,23,20.100000,1498,20,16
476,131,SE,15,6.7,2008,10,5,0,6,,0,691,529,0.000000,22,27.400000,1499,20,16
477,94,SE,22,7.1,2010,1,3,5,7,,0,780,377,0.000000,15,10.000000,1500,20,16
478,97,SSW,17,6.7,2010,10,21,5,5,,0,776,352,0.000000,50,13.000000,1501,20,16
479,98,SE,21,6.6,2010,1,3,5,7,,0,672,282,0.000000,17,10.000000,1502,20,16
480,122,SSE,0,6.8,2008,9,11,0,6,,0,711,500,0.000000,22,25.000000,1503,20,16
481,NULL,NULL,17,7.0,2010,9,29,8,5,,0,772,271,0.000000,15,26.000000,1504,20,16
482,92,N,3,6.5,2009,11,13,6,7,,0,698,390,0.000000,18,27.000000,1505,20,16
483,73,WNW,0,6.6,2008,9,11,0,6,,0,670,463,0.000000,14,96.000000,1506,20,16
484,19,NE,16,7.0,2010,9,3,8,8,,0,1245,365,0.000000,16,12.000000,1507,20,16
485,75,WNW,18,6.9,2008,9,8,0,6,,0,732,531,0.000000,15,110.000000,1508,20,16
486,221,NE,13,6.7,2008,8,25,4,7,,0,692,325,0.000000,28,12.000000,1509,20,16
487,NULL,NULL,11,7.1,2010,8,12,6,5,,0,945,672,0.000000,12,206.700000,1510,20,16
488,29,ENE,15,6.8,2008,7,23,8,7,,0,1046,633,0.000000,20,108.000000,1511,20,16
489,33,NW,5,7.3,2010,8,10,7,7,,0,850,405,0.000000,20,25.000000,1512,20,16
490,107,E,2,7.0,2008,7,19,5,5,,0,840,577,0.000000,18,22.000000,1513,20,16
491,151,E,2,6.9,2008,7,19,5,5,,0,825,0,0.000000,0,25.500000,1514,16,23
492,72,ESE,22,7.0,2010,8,4,4,6,,0,757,396,0.000000,13,44.000000,1515,16,16
493,124,SW,11,6.6,2008,6,27,4,5,,0,680,630,0.000000,18,17.000000,1516,20,16
494,118,ESE,7,6.5,2010,8,4,5,4,,0,659,403,0.000000,11,220.000000,1517,20,16
495,24,WSW,23,6.9,2008,6,13,7,8,,0,888,654,0.000000,17,7.800000,1518,20,16
496,64,S,18,7.1,2011,8,20,5,6,,0,787,564,0.000000,12,28.000000,1519,16,16
497,58,W,6,7.9,2008,5,12,9,9,,0,1870,774,0.000000,11,19.000000,1520,20,16
498,61,W,22,7.6,2010,7,23,5,3,,0,902,340,0.000000,15,578.000000,1521,20,16
499,78,NE,16,6.9,2008,5,7,5,5,,0,910,519,0.000000,21,27.000000,1522,20,16
500,NULL,NULL,13,7.3,2010,7,18,8,7,,0,831,397,0.000000,18,35.000000,1523,20,16
501,71,SW,12,7.3,2008,4,9,0,6,,0,820,486,0.000000,13,33.000000,1524,20,16
502,56,SE,13,6.9,2010,7,18,4,7,,0,737,456,0.000000,16,28.000000,1525,20,16
503,65,SSW,17,6.5,2011,8,20,0,5,,0,650,322,0.000000,15,35.000000,1526,20,16
504,77,ENE,10,7.3,2009,11,9,0,4,,0,820,430,0.000000,15,595.000000,1527,20,16
505,226,SE,22,7.2,2008,3,20,0,7,,0,798,532,0.000000,26,10.000000,1528,20,16
506,29,NNW,19,6.6,2009,11,8,7,6,,0,677,305,0.000000,20,18.000000,1529,20,16
507,NULL,NULL,14,6.9,2008,3,3,4,5,,0,740,544,0.000000,26,24.000000,1530,20,16
508,98,NNE,7,6.8,2009,10,30,0,6,,0,711,424,0.000000,21,34.000000,1531,20,16
509,71,SSW,16,7.2,2011,8,20,8,6,,0,813,280,0.000000,18,32.000000,1532,16,16
510,155,SSW,21,6.7,2008,2,25,5,6,,0,696,543,0.000000,15,25.000000,1533,20,16
511,30,SSE,8,6.6,2010,7,14,6,7,,0,753,295,0.000000,53,22.000000,1534,20,16
512,268,WSW,14,6.9,2009,10,24,4,6,,0,972,397,0.000000,11,130.000000,1535,20,16
513,161,SSW,18,6.6,2008,2,25,4,6,,0,674,421,0.000000,18,25.000000,1536,20,16
514,55,WSW,5,6.7,2010,6,26,5,6,,0,696,392,0.000000,19,35.000000,1537,20,16
515,188,WNW,8,6.8,2009,10,8,0,5,,0,711,174,0.000000,30,35.000000,1538,20,16
516,164,WSW,8,7.2,2008,2,25,4,7,,0,832,505,0.000000,18,25.000000,1539,20,16
517,103,NE,23,6.6,2011,7,31,3,6,,0,674,229,0.000000,17,10.000000,1540,16,16
518,135,SSE,3,6.6,2010,6,16,0,7,,0,670,309,0.000000,25,10.500000,1541,20,16
519,143,NW,23,7.4,2009,10,7,0,7,,0,842,314,0.000000,20,31.100000,1542,20,16
520,166,WSW,14,6.5,2008,2,24,4,6,,0,654,429,0.000000,28,22.000000,1543,20,16
521,NULL,NULL,19,7.6,2011,7,6,3,7,,0,893,567,0.000000,34,17.000000,1544,16,16
522,56,NW,8,7.4,2008,2,20,5,7,,0,914,607,0.000000,16,26.000000,1545,20,16
523,50,S,12,6.5,2008,2,14,8,5,,0,692,650,0.000000,31,28.000000,1546,20,16
524,121,SSE,3,7.0,2010,6,16,3,7,,0,755,307,0.000000,18,18.000000,1547,20,16
525,35,S,10,6.9,2008,2,14,6,6,,0,941,645,0.000000,31,29.000000,1548,20,16
526,70,N,12,6.8,2007,10,15,4,7,,0,744,338,0.000000,19,18.000000,1549,20,16
527,9,SSW,12,6.5,2008,2,12,7,6,,0,723,521,0.000000,28,83.000000,1550,20,16
528,196,NW,22,7.8,2009,10,7,0,6,,0,936,195,0.000000,20,35.000000,1551,20,16
529,NULL,NULL,19,7.5,2010,6,12,6,5,,0,1144,514,0.000000,19,35.000000,1552,20,16
530,154,ESE,12,6.8,2007,9,26,4,5,,0,713,348,0.000000,16,40.000000,1553,20,16
531,46,SSE,7,6.6,2007,12,20,7,6,,0,808,461,0.000000,19,20.000000,1554,20,16
532,148,NW,22,7.7,2009,10,7,4,7,,0,916,283,0.000000,23,45.000000,1555,16,16
533,100,WNW,17,7.2,2010,5,27,5,6,,0,804,327,0.000000,12,31.000000,1556,20,16
534,118,SSW,8,6.7,2007,9,20,3,5,,0,696,503,0.000000,27,30.000000,1557,20,16
535,49,SSE,1,6.6,2009,10,1,7,7,,0,787,417,0.000000,30,9.000000,1558,20,16
536,153,SSW,3,7.0,2007,9,13,4,7,,0,768,537,0.000000,23,22.000000,1559,20,16
537,18,WNW,19,7.4,2007,11,29,7,7,,0,1542,663,0.000000,13,156.000000,1560,17,16
538,45,SSW,5,7.2,2010,5,9,5,6,,0,918,611,0.000000,21,38.000000,1561,20,16
539,NULL,NULL,2,6.5,2007,9,13,0,5,,0,650,409,0.000000,26,28.900000,1562,20,16
540,60,SSE,11,6.6,2007,11,27,3,6,,0,672,280,0.000000,27,16.000000,1563,20,16
541,233,NNW,23,6.9,2010,4,13,6,9,,0,773,410,0.000000,15,17.000000,1564,20,16
542,34,N,19,6.5,2007,11,25,5,7,,0,653,272,0.000000,28,18.000000,1565,20,16
543,28,NNW,16,6.5,2007,11,25,7,7,,0,657,353,0.000000,28,20.000000,1566,20,16
544,107,N,8,6.8,2007,11,22,6,6,,0,722,341,0.000000,16,53.000000,1567,20,16
545,30,E,3,6.8,2007,11,16,7,6,,0,790,649,0.000000,27,122.900000,1568,20,16
546,87,SW,23,7.9,2007,9,12,8,7,,0,1133,446,0.000000,29,35.000000,1569,20,16
547,42,NNW,11,6.6,2006,5,22,0,7,,0,670,548,0.000000,28,19.000000,1570,20,16
548,148,WSW,23,7.8,2007,9,12,7,8,,0,1152,0,0.000000,0,40.500000,1571,16,23
549,256,SSW,15,6.8,2006,5,16,4,5,,0,719,701,0.000000,16,12.000000,1572,17,16
550,36,ESE,15,7.7,2007,11,14,8,7,,0,995,610,0.000000,22,40.000000,1573,20,16
551,122,SW,11,8.4,2007,9,12,0,6,,0,1086,411,0.000000,32,34.000000,1574,16,22
552,47,SSE,15,8.0,2006,5,3,7,7,,0,1013,626,0.000000,21,55.000000,1575,20,16
553,39,WNW,1,6.8,2007,9,10,5,6,,0,747,653,0.000000,18,15.000000,1576,20,16
554,50,ESE,15,8.0,2006,5,3,8,9,,0,1026,0,0.000000,0,60.500000,1577,16,23
555,97,S,1,7.2,2007,9,2,0,5,,0,798,312,0.000000,21,35.000000,1578,20,16
556,73,WNW,21,6.5,2006,4,30,7,7,,0,653,282,0.000000,46,12.000000,1579,20,16
557,138,W,21,6.8,2007,10,24,3,5,,0,713,494,0.000000,24,21.000000,1580,20,16
558,31,WSW,8,6.5,2007,8,16,5,6,,0,675,382,0.000000,13,15.000000,1581,20,16
559,78,WNW,19,6.7,2006,4,30,6,7,,0,696,277,0.000000,26,12.000000,1582,17,16
560,41,SW,23,8.0,2007,8,15,9,8,,0,1385,625,0.000000,26,39.000000,1583,20,16
561,30,WSW,10,7.6,2009,9,30,8,8,,0,1639,498,0.000000,14,81.000000,1584,20,16
562,80,E,16,6.6,2006,4,29,0,8,,0,670,645,0.000000,28,11.000000,1585,20,16
563,35,NNE,17,7.5,2007,8,8,0,5,,0,865,228,0.000000,31,280.000000,1586,20,16
564,168,SSW,17,8.1,2009,9,29,7,6,,0,1055,520,0.000000,21,18.000000,1587,20,16
565,80,NE,23,7.6,2006,4,20,0,8,,0,889,579,0.000000,18,22.000000,1588,20,16
566,56,E,17,7.2,2007,8,1,7,7,,0,803,494,0.000000,20,120.000000,1589,17,16
567,161,SE,6,6.6,2005,1,19,6,4,,0,676,225,0.000000,78,27.800000,1590,20,16
568,66,SSW,7,7.0,2009,9,2,7,7,,0,1175,312,0.000000,16,46.000000,1591,20,16
569,130,NNW,8,6.5,2006,4,7,3,5,,0,654,247,0.000000,26,14.000000,1592,20,16
570,140,NNW,5,6.9,2007,7,26,3,5,,0,734,374,0.000000,24,25.000000,1593,17,16
571,112,WSW,7,6.7,2009,8,16,5,6,,0,753,369,0.000000,15,20.000000,1594,20,16
572,NULL,NULL,16,6.6,2004,12,26,0,5,,0,670,353,0.000000,32,16.100000,1595,20,16
573,133,WNW,14,6.8,2007,7,16,5,4,,0,779,664,0.000000,18,350.400000,1596,17,16
574,284,WNW,4,7.2,2004,12,26,5,6,,0,802,385,0.000000,28,39.200000,1597,20,16
575,20,NNW,1,6.6,2007,7,16,8,8,,0,831,782,0.000000,17,12.000000,1598,20,16
576,244,SSE,22,6.6,2009,8,12,4,5,,0,703,336,0.000000,14,53.000000,1599,20,16
577,43,SSE,19,6.7,2007,6,13,6,6,,0,972,468,0.000000,38,23.000000,1600,20,16
578,NULL,NULL,14,8.1,2004,12,23,0,5,,0,1009,331,0.000000,59,10.000000,1601,20,16
579,266,N,19,7.5,2009,8,10,7,6,,0,1248,303,0.000000,18,24.000000,1602,20,16
580,113,SSE,21,6.9,2007,4,1,0,7,,0,732,305,0.000000,15,10.000000,1603,20,16
581,36,S,23,6.8,2004,12,14,5,6,,0,858,639,0.000000,22,10.000000,1604,17,16
582,99,SSE,20,6.6,2007,4,1,0,7,,0,670,251,0.000000,16,10.000000,1605,22,16
583,54,SSW,14,6.8,2004,12,6,4,7,,0,724,759,0.000000,24,35.000000,1606,17,16
584,45,SSE,20,8.1,2007,4,1,9,8,,0,1025,439,0.000000,15,24.000000,1607,20,16
585,161,S,10,7.1,2009,8,9,5,4,,0,1005,447,0.000000,14,292.000000,1608,20,16
586,51,SW,18,7.0,2004,11,28,4,7,,0,771,929,0.000000,24,39.000000,1609,17,16
587,46,NW,0,6.7,2007,3,25,7,8,,0,782,493,0.000000,24,8.000000,1610,20,16
588,29,SSW,2,7.1,2004,11,26,0,7,,0,776,439,0.000000,29,10.000000,1611,20,16
589,255,W,20,7.1,2004,11,22,5,5,,0,782,585,0.000000,15,10.000000,1612,20,16
590,96,WNW,17,6.9,2009,8,3,5,7,,0,1202,243,0.000000,35,10.000000,1613,20,16
591,32,SSW,9,7.2,2004,11,15,8,8,,0,820,708,0.000000,50,15.000000,1614,17,16
592,119,S,0,7.1,2007,3,25,3,6,,0,779,426,0.000000,25,34.000000,1615,17,16
593,97,WSW,9,7.8,2009,7,15,6,8,,0,1165,434,0.000000,17,12.000000,1616,20,16
594,108,W,6,6.7,2006,3,14,0,7,,0,691,306,0.000000,21,30.100000,1617,17,16
595,63,NW,21,7.5,2004,11,11,5,7,,0,870,301,0.000000,34,10.000000,1618,20,16
596,160,SE,22,7.0,2006,2,22,5,9,,0,891,412,0.000000,23,11.000000,1619,17,16
597,80,SSE,17,6.7,2004,11,11,0,6,,0,691,233,0.000000,22,10.000000,1620,17,16
598,190,ESE,14,6.7,2009,6,23,5,5,,0,693,269,0.000000,14,64.000000,1621,20,16
599,26,NE,11,6.7,2006,1,8,7,6,,0,934,769,0.000000,20,66.000000,1622,17,16
600,189,SW,10,6.7,2004,11,2,7,4,,0,703,459,0.000000,37,10.000000,1623,17,16
601,46,NW,8,7.3,2009,5,28,7,8,,0,1560,464,0.000000,27,19.000000,1624,20,16
602,8,SSW,8,6.6,2004,10,23,0,8,,0,670,782,0.000000,37,16.000000,1625,20,16
603,75,SSW,8,6.6,2006,1,4,7,6,,0,703,323,0.000000,48,14.000000,1626,20,16
604,31,WNW,4,6.7,2004,10,15,5,6,,0,705,698,0.000000,25,94.000000,1627,17,16
605,53,SW,21,6.5,2005,12,12,6,5,,0,721,529,0.000000,20,224.600000,1628,17,16
606,43,SSW,21,7.0,2004,10,9,0,6,,0,754,441,0.000000,32,35.000000,1629,20,16
607,76,ESE,12,6.8,2005,12,5,5,7,,0,744,561,0.000000,20,22.000000,1630,20,16
608,80,ESE,13,6.5,2005,12,2,4,5,,0,683,464,0.000000,49,29.000000,1631,20,16
609,9,W,14,6.5,2004,10,8,5,5,,0,665,526,0.000000,18,105.000000,1632,17,16
610,60,SSE,8,6.8,2004,10,8,0,6,,0,711,545,0.000000,16,36.000000,1633,17,16
611,129,ESE,23,6.6,2004,9,6,0,4,,0,670,478,0.000000,30,10.000000,1634,20,16
612,57,SE,14,6.5,2005,11,19,3,6,,0,651,358,0.000000,21,21.000000,1635,17,16
613,118,ESE,14,7.4,2004,9,5,0,5,,0,842,594,0.000000,28,10.000000,1636,17,16
614,94,SE,10,7.2,2004,9,5,0,5,,0,798,643,0.000000,28,14.000000,1637,20,16
615,68,NNE,19,6.8,2005,11,17,0,6,,0,711,509,0.000000,30,147.000000,1638,17,16
616,126,WNW,11,7.5,2007,1,21,6,5,,0,874,570,0.000000,22,22.000000,1639,20,16
617,67,ESE,13,6.5,2004,8,28,0,7,,0,650,349,0.000000,30,5.000000,1640,17,16
618,21,NNE,3,7.6,2005,10,8,9,9,,0,1267,724,0.000000,21,26.000000,1641,20,16
619,NULL,NULL,4,8.1,2007,1,13,4,5,,0,1034,606,0.000000,14,10.000000,1642,20,16
620,117,WNW,3,6.5,2004,7,28,0,7,,0,650,305,0.000000,39,13.400000,1643,20,16
621,129,SSW,15,6.6,2005,9,29,0,6,,0,670,402,0.000000,18,25.000000,1644,20,16
622,24,ENE,15,6.9,2004,6,10,0,5,,0,732,798,0.000000,31,188.600000,1645,17,16
623,39,NW,1,7.5,2005,9,26,8,7,,0,1018,696,0.000000,26,115.000000,1646,17,16
624,11,N,4,6.6,2004,5,3,0,7,,0,670,282,0.000000,47,21.000000,1647,17,16
625,135,E,7,7.6,2005,9,9,5,7,,0,891,502,0.000000,20,90.000000,1648,20,16
626,105,WNW,1,6.7,2004,4,23,0,5,,0,691,386,0.000000,28,65.800000,1649,17,16
627,66,ESE,2,7.2,2005,8,16,7,7,,0,1104,698,0.000000,20,36.000000,1650,20,16
628,NULL,NULL,15,7.2,2005,7,24,4,5,,0,808,636,0.000000,26,16.000000,1651,20,16
629,94,WSW,1,6.7,2005,7,5,3,6,,0,693,398,0.000000,22,21.000000,1652,20,16
630,86,NNW,15,6.5,2004,4,9,0,4,,0,650,424,0.000000,30,228.400000,1653,17,16
631,32,W,2,6.6,2005,7,2,6,5,,0,719,446,0.000000,21,27.000000,1654,20,16
632,26,W,12,6.9,2006,12,26,6,7,,0,798,466,0.000000,32,10.000000,1655,20,16
633,153,W,2,7.2,2005,6,15,5,4,,0,1318,420,0.000000,31,16.000000,1656,20,16
634,102,ENE,22,7.8,2005,6,13,8,7,,0,1020,714,0.000000,16,115.600000,1657,17,16
635,NULL,NULL,21,6.6,2004,4,5,0,4,,0,670,728,0.000000,18,187.100000,1658,17,16
636,89,WSW,1,6.9,2005,5,19,5,7,,0,740,635,0.000000,26,30.000000,1659,20,16
637,38,SSW,8,6.7,2004,2,8,0,7,,0,691,256,0.000000,33,25.700000,1660,20,16
638,125,SW,5,6.7,2005,5,14,6,5,,0,731,695,0.000000,21,34.000000,1661,17,16
639,106,SW,11,6.5,2005,4,10,3,6,,0,657,478,0.000000,21,30.000000,1662,20,16
640,30,SW,12,7.1,2006,12,26,8,7,,0,1023,744,0.000000,29,10.000000,1663,17,16
641,NULL,NULL,2,7.3,2004,2,7,0,7,,0,820,390,0.000000,23,10.000000,1664,17,16
642,NULL,NULL,11,8.3,2006,11,15,4,7,,0,1064,576,0.000000,21,10.000000,1665,20,16
643,113,SW,10,6.7,2005,4,10,5,6,,0,717,656,0.000000,21,19.000000,1666,20,16
644,28,S,21,7.0,2004,2,5,0,7,,0,754,367,0.000000,33,16.600000,1667,20,16
645,155,SE,17,6.6,2006,11,7,0,6,,0,670,352,0.000000,19,11.000000,1668,20,16
646,78,WSW,16,8.6,2005,3,28,0,8,,0,1138,510,0.000000,22,30.000000,1669,16,22
647,107,NW,22,6.7,2004,1,28,0,6,,0,691,243,0.000000,42,17.400000,1670,17,16
648,52,SW,10,6.7,2006,10,20,5,6,,0,732,444,0.000000,53,23.000000,1671,20,16
649,28,NNW,1,6.6,2005,3,20,8,7,,0,805,401,0.000000,23,10.000000,1672,20,16
650,201,ESE,16,7.3,2003,12,27,0,4,,0,820,235,0.000000,47,10.000000,1673,20,16
651,13,SSW,1,6.6,2003,12,26,0,9,,0,670,552,0.000000,45,10.000000,1674,20,16
652,100,ESE,1,6.7,2006,10,17,5,6,,0,692,533,0.000000,16,32.000000,1675,20,16
653,99,WNW,12,6.8,2005,2,26,0,6,,0,711,444,0.000000,34,36.000000,1676,17,16
654,81,SSW,0,6.5,2005,2,19,0,7,,0,650,371,0.000000,32,10.000000,1677,17,16
655,14,SW,17,6.7,2006,10,15,8,9,,0,1481,43,0.000000,124,38.182000,1678,23,18
656,NULL,NULL,14,6.5,2005,2,15,3,5,,0,652,286,0.000000,47,39.700000,1679,20,16
657,201,ESE,6,6.9,2006,9,28,3,3,,0,737,702,0.000000,21,28.000000,1680,20,16
658,4,NW,17,6.5,2003,11,18,0,6,,0,650,487,0.000000,46,35.000000,1681,17,16
659,3,SSE,7,6.5,2003,12,25,0,6,,0,650,405,0.000000,48,33.000000,1682,17,16
660,49,S,10,6.8,2006,9,1,0,6,,0,711,459,0.000000,28,38.000000,1683,17,16
661,51,NW,10,6.6,2003,11,6,0,5,,0,670,475,0.000000,26,113.700000,1684,17,16
662,81,ESE,21,6.5,2006,8,24,0,6,,0,650,700,0.000000,47,43.000000,1685,17,16
663,133,ESE,1,7.0,2003,10,31,0,5,,0,754,568,0.000000,61,10.000000,1686,17,16
664,10,NE,19,6.5,2003,12,22,7,9,,0,1390,65,0.046850,71,8.382000,1687,18,21
665,52,SW,14,6.7,2005,2,8,0,4,,0,691,457,0.000000,30,206.300000,1688,17,16
666,92,E,4,6.8,2003,12,10,0,7,,0,711,447,0.000000,28,10.000000,1689,17,16
667,138,SW,12,7.1,2005,2,5,7,3,,0,782,640,0.000000,26,525.000000,1690,20,16
668,51,NE,22,6.8,2006,8,7,5,5,,0,713,551,0.000000,26,150.000000,1691,17,16
669,82,E,20,6.6,2003,11,25,0,6,,0,670,384,0.000000,25,35.000000,1692,17,16
670,20,SSW,16,7.1,2002,4,26,0,7,,0,776,257,0.000000,0,85.700000,1693,20,16
671,31,SW,16,6.7,2002,4,18,0,7,,0,691,462,0.000000,0,62.000000,1694,17,16
672,226,SSW,8,7.7,2006,7,17,7,5,,0,947,357,0.000000,37,20.000000,1695,20,16
673,27,SSW,5,6.8,2002,4,18,0,6,,0,711,292,0.000000,0,24.900000,1696,20,16
674,111,E,3,6.5,2006,5,28,0,6,,0,650,477,0.000000,20,34.000000,1697,20,16
675,39,SSE,9,6.7,2003,10,8,0,6,,0,691,556,0.000000,55,32.000000,1698,20,16
676,67,ENE,6,7.1,2002,3,31,0,6,,0,776,550,0.000000,0,32.800000,1699,20,16
677,107,NE,4,6.5,2002,3,28,0,5,,0,650,486,0.000000,0,125.100000,1700,20,16
678,9,S,1,6.7,2003,10,1,0,7,,0,691,643,0.000000,24,10.000000,1701,17,16
679,58,S,2,6.5,2003,9,29,0,5,,0,650,586,0.000000,71,25.000000,1702,20,16
680,29,S,11,7.3,2003,9,27,0,7,,0,820,667,0.000000,24,16.000000,1703,17,16
681,119,ESE,21,7.4,2003,9,25,0,7,,0,842,514,0.000000,79,33.000000,1704,20,16
682,134,SSW,19,8.2,2003,9,25,0,9,,0,1024,0,0.000000,0,27.000000,1705,16,22
683,16,SE,18,6.6,2003,9,21,0,7,,0,670,518,0.000000,25,10.000000,1706,17,16
684,56,NW,12,7.2,2003,8,21,0,7,,0,798,428,0.000000,18,28.000000,1707,20,16
685,NULL,NULL,21,7.5,2002,3,5,0,7,,0,865,321,0.000000,0,31.000000,1708,20,16
686,41,N,18,6.5,2003,7,15,0,6,,0,650,156,0.000000,31,33.000000,1709,17,16
687,51,SW,12,7.4,2002,3,3,0,5,,0,842,138,0.000000,0,225.600000,1710,20,16
688,42,W,13,6.8,2003,6,20,0,7,,0,711,398,0.000000,39,33.000000,1711,20,16
689,125,E,13,6.6,2002,2,5,0,6,,0,670,444,0.000000,0,39.000000,1712,20,16
690,25,ESE,22,6.9,2003,6,16,0,5,,0,732,733,0.000000,27,174.800000,1713,17,16
691,5,NE,7,6.5,2002,2,3,0,7,,0,650,482,0.000000,0,5.000000,1714,20,16
692,11,SE,11,6.7,2002,1,10,0,8,,0,691,333,0.000000,0,11.000000,1715,20,16
693,33,WNW,10,6.6,2002,1,3,0,6,,0,670,386,0.000000,0,10.000000,1716,20,16
694,87,SSE,0,6.6,2003,6,7,0,6,,0,670,419,0.000000,28,33.000000,1717,20,16
695,116,NE,19,7.0,2003,5,26,0,6,,0,754,473,0.000000,30,31.000000,1718,20,16
696,50,WNW,17,7.2,2002,1,2,0,6,,0,798,427,0.000000,0,21.000000,1719,20,16
697,22,WNW,22,6.8,2001,12,23,0,7,,0,711,385,0.000000,0,16.000000,1720,20,16
698,27,SSW,9,7.0,2003,5,26,0,7,,0,754,690,0.000000,19,68.000000,1721,17,16
699,62,SSW,4,6.8,2001,12,18,0,5,,0,711,499,0.000000,0,14.000000,1722,20,16
700,25,WNW,18,6.8,2003,5,21,0,9,,0,711,534,0.000000,19,12.000000,1723,20,16
701,3,NW,13,6.5,2001,12,2,0,5,,0,650,605,0.000000,0,123.800000,1724,20,16
702,46,NE,2,6.5,2003,3,25,0,7,,0,650,247,0.000000,29,33.000000,1725,20,16
703,NULL,NULL,9,7.8,2001,11,14,0,9,,0,936,368,0.000000,0,10.000000,1726,20,16
704,40,S,9,7.0,2001,10,31,0,7,,0,754,254,0.000000,0,33.000000,1727,20,16
705,114,ESE,7,6.8,2003,3,11,0,7,,0,711,431,0.000000,38,40.200000,1728,20,16
706,155,E,3,7.5,2001,10,19,0,6,,0,865,234,0.000000,0,33.000000,1729,20,16
707,16,SSW,2,7.6,2003,1,22,0,7,,0,889,551,0.000000,0,24.000000,1730,17,16
708,69,SSE,15,7.0,2001,10,12,0,6,,0,754,482,0.000000,0,37.000000,1731,20,16
709,108,WNW,14,6.5,2001,9,11,0,6,,0,650,174,0.000000,0,33.000000,1732,20,16
710,74,S,7,6.6,2001,7,28,6,6,,0,754,0,0.000000,0,131.800000,1733,18,19
711,33,S,2,6.5,2003,1,21,0,6,,0,650,316,0.000000,0,24.000000,1734,20,16
712,126,W,8,7.3,2003,1,20,0,6,,0,820,457,0.000000,0,33.000000,1735,20,16
713,32,WNW,0,6.5,2001,7,26,0,8,,0,650,483,0.000000,0,10.000000,1736,20,16
714,191,SE,13,6.7,2003,1,10,0,5,,0,691,323,0.000000,0,71.900000,1737,17,16
715,51,SW,9,7.6,2001,7,7,0,7,,0,889,398,0.000000,0,33.000000,1738,20,16
716,31,S,13,6.6,2001,7,5,0,7,,0,670,324,0.000000,0,62.000000,1739,20,16
717,NULL,NULL,8,6.7,2002,12,12,0,6,,0,691,453,0.000000,0,34.000000,1740,17,16
718,34,WSW,4,6.7,2001,6,26,0,6,,0,691,422,0.000000,0,24.000000,1741,20,16
719,6,SSW,20,8.4,2001,6,23,0,8,,0,1086,518,0.000000,0,33.000000,1742,16,22
720,128,SSE,21,6.7,2001,4,19,0,6,,0,691,282,0.000000,0,17.000000,1743,20,16
721,75,E,22,7.9,2002,11,3,8,9,,0,1750,0,0.000000,0,4.200000,1744,18,19
722,16,SSW,6,6.8,2001,3,24,0,7,,0,711,596,0.000000,0,50.000000,1745,20,16
723,50,NW,1,7.4,2002,11,2,0,7,,0,842,418,0.000000,0,30.000000,1746,17,16
724,41,SSW,5,6.5,2001,3,19,0,6,,0,650,206,0.000000,0,33.000000,1747,20,16
725,53,ENE,11,6.6,2002,10,23,0,7,,0,670,0,0.000000,0,4.200000,1748,18,19
726,7,SSE,18,6.8,2001,2,28,7,7,,0,1441,67,0.000000,31,51.798000,1749,23,24
727,137,WNW,7,7.1,2001,2,24,0,7,,0,776,426,0.000000,0,35.000000,1750,20,16
728,72,S,12,6.7,2002,10,10,0,7,,0,691,250,0.000000,0,10.000000,1751,21,16
729,102,SSE,19,7.4,2001,2,13,0,6,,0,842,221,0.000000,0,36.000000,1752,20,16
730,102,SSE,10,7.6,2002,10,10,0,7,,0,889,375,0.000000,0,10.000000,1753,20,16
731,5,S,14,6.6,2001,2,13,0,8,,0,670,273,0.000000,0,10.000000,1754,20,16
732,152,NNE,22,6.5,2002,9,13,0,6,,0,650,646,0.000000,0,21.000000,1755,20,16
733,17,NW,3,7.7,2001,1,26,0,9,,0,912,472,0.000000,0,16.000000,1756,20,16
734,68,ESE,18,7.6,2002,9,8,0,7,,0,889,428,0.000000,0,13.000000,1757,20,16
735,59,WSW,13,6.9,2001,1,16,0,6,,0,732,117,0.000000,0,28.000000,1758,17,16
736,114,SSE,13,6.5,2002,8,14,0,4,,0,650,260,0.000000,0,30.000000,1759,20,16
737,28,SSW,17,7.7,2001,1,13,0,8,,0,912,427,0.000000,0,60.000000,1760,20,16
738,14,SE,0,6.5,2002,7,31,0,7,,0,650,533,0.000000,0,10.000000,1761,20,16
739,47,S,16,6.9,2001,1,10,5,7,,0,745,0,0.000000,0,36.400000,1762,18,19
740,16,NE,16,7.1,2001,1,9,0,7,,0,776,372,0.000000,0,103.000000,1763,17,16
741,NULL,NULL,8,6.8,2001,1,1,0,5,,0,711,64,0.000000,0,33.000000,1764,20,16
742,21,SE,6,7.5,2001,1,1,0,7,,0,865,324,0.000000,0,33.000000,1765,20,16
743,59,SSW,2,6.5,2002,6,22,0,8,,0,650,555,0.000000,0,10.000000,1766,20,16
744,20,SW,13,6.6,2002,6,18,0,7,,0,670,420,0.000000,0,54.000000,1767,17,16
745,190,NW,21,6.7,2002,6,17,0,5,,0,691,272,0.000000,0,33.000000,1768,20,16
